Model,Mean R² (CV)
OLS,0.3876246690578483
Ridge,0.3876333381746166
Lasso,0.38762599040358225
ElasticNet,0.38763331328715783
