Model,Mean R² (CV)
OLS,0.683786793312145
Ridge,0.6837974735569418
Lasso,0.6837883746041211
ElasticNet,0.683796458855084
