Model,Mean R² (CV)
OLS,0.6837867933121448
Ridge,0.6837974735569418
Lasso,0.6837883746041211
ElasticNet,0.683796458855084
