Model Pair,Wilcoxon W,Wilcoxon p-value,t-Test t-stat,t-Test p-value
OLS vs Ridge,7.0,0.5000,-0.26726402077940015,0.8025
OLS vs Lasso,7.0,0.5000,-0.12762835806053976,0.9046
OLS vs ElasticNet,7.0,0.5000,-0.18303609102886995,0.8637
